Datetime,Air Temp,Air Hum,Soil Temp,Soil Moisture
2024-06-08 06:32:39,-0.0501254707117516,0.5043991666033713,0.7310440399779826,-1.3363873563416886
2024-06-08 10:05:27,-0.0501254707116137,-0.5577101063089468,0.0573952948832954,-0.2418157004556544
2024-06-08 02:54:45,-0.0501254707117388,0.5043991666033713,0.6845855058335224,0.2041209000905076
2024-06-08 06:46:24,-0.0501254707117417,0.5043991666033713,-0.0432648624297044,0.2041209000905076
2024-06-08 04:14:29,-0.0501254707117507,0.4763505062271647,1.1181984911818263,-1.3363873563416886
2024-06-08 04:02:58,-0.0501254707117384,0.5137487200621059,-0.1361819307186263,0.7716765735128958
2024-06-08 10:39:22,-0.0501254707115606,-2.8614400785412992,0.8317041972909825,1.1365337921415744
2024-06-08 04:14:51,-0.0501254707117358,0.5137487200621059,-0.1361819307186263,0.7716765735128958
2024-06-08 07:05:08,-0.0501254707117523,0.5043991666033713,0.0573952948832954,1.095994101182832
2024-06-08 04:59:35,-0.0501254707117358,0.5043991666033713,0.2509725204852172,0.2041209000905076
2024-06-08 02:23:56,-0.0501254707117243,0.0182223867491409,-1.6383412013895398,-1.3363873563416886
2024-06-08 10:20:57,-0.0501254707116055,-0.6923436761147347,1.071739957037366,0.2446605910492498
2024-06-08 03:24:30,-0.0501254707117388,0.5043991666033713,0.5916684375445992,0.2041209000905076
2024-06-08 03:48:09,-0.0501254707117302,0.0668400647345635,-1.9248354952803832,-1.3363873563416886
2024-06-08 05:05:52,-0.0501254707117421,0.5043991666033713,0.2974310546296788,1.1365337921415744
2024-06-08 03:06:38,-0.0501254707117424,0.5043991666033713,0.5916684375445992,1.177073483100316
2024-06-08 10:35:09,-0.0501254707115807,-1.6833963427406649,0.2045139863407556,-0.1607363185381703
2024-06-08 08:17:05,-0.050125470711752,0.5043991666033713,-0.4304193136335481,1.2581528650178002
2024-06-08 07:14:05,-0.0501254707117325,0.1304170282539635,-2.025495652593383,-1.3363873563416886
2024-06-08 10:45:15,-0.050125470711553,-2.8763993640752754,0.9788228887484428,1.1365337921415744
2024-06-08 03:54:02,-0.0501254707117318,0.0649701540428168,-1.9790371184489215,-1.3363873563416886
2024-06-08 02:31:01,-0.0501254707117358,0.5043991666033713,0.7310440399779826,0.2041209000905076
2024-06-08 11:04:50,-0.0501254707115675,-2.184532408128871,0.545209903400139,-0.3634347733318804
2024-06-08 07:25:58,-0.0501254707117358,0.1098480106447462,0.1580554521962953,-1.3363873563416886
2024-06-08 02:12:08,-0.0501254707117226,-0.0079563629353177,-1.5376810440765412,-1.3363873563416886
2024-06-08 11:13:36,-0.050125470711528,-3.105515378153798,3.156298241906332,-1.3363873563416886
2024-06-08 04:41:46,-0.0501254707117457,0.5043991666033713,0.3438895887741391,0.2041209000905076
2024-06-08 07:20:02,-0.0501254707117342,0.1210674747952275,-2.1648712550267666,-1.3363873563416886
2024-06-08 07:55:34,-0.0501254707117352,0.1584656886301688,0.103853829027757,-1.3363873563416886
2024-06-08 04:29:35,-0.0501254707117309,0.1397665817126981,-1.9790371184489215,-1.3363873563416886
2024-06-08 11:10:50,-0.0501254707115626,-2.0667280345488073,0.6381269716890609,-0.2823553914143963
2024-06-08 10:43:25,-0.0501254707115313,-3.105515378153798,2.573899227708279,-1.3363873563416886
2024-06-08 08:51:02,-0.0501254707117352,0.5043991666033713,-0.2833006221760865,0.2852002820079917
2024-06-08 03:27:26,-0.0501254707117325,0.5137487200621059,0.0573952948832954,0.812216264471638
2024-06-08 09:11:37,-0.0501254707117094,0.5137487200621059,0.0573952948832954,-0.1201966275794284
2024-06-08 04:45:00,-0.0501254707117358,0.5137487200621059,-0.2833006221760865,0.7311368825541541
2024-06-08 04:41:27,-0.0501254707117325,0.1023683678777568,-1.9790371184489215,-1.3363873563416886
2024-06-08 07:57:47,-0.0501254707117487,0.5043991666033713,-0.2833006221760865,0.3662796639254758
2024-06-08 05:41:09,-0.0501254707117434,0.5043991666033713,0.1580554521962953,0.2041209000905076
2024-06-08 05:17:58,-0.0501254707117276,0.1023683678777568,-1.8783769611359225,-1.3363873563416886
2024-06-08 09:04:34,-0.0501254707117031,0.5043991666033713,-0.3762176904650097,1.2581528650178002
2024-06-08 03:24:23,-0.0501254707117441,0.5043991666033713,0.545209903400139,1.177073483100316
2024-06-08 03:51:58,-0.050125470711749,0.4464319351592127,1.2188586484948265,-1.3363873563416886
2024-06-08 02:43:53,-0.0501254707117417,0.40342398924903,1.412435874096748,-1.3363873563416886
2024-06-08 04:00:09,-0.0501254707117441,0.5043991666033713,0.4910082802316006,0.2041209000905076
2024-06-08 10:50:41,-0.0501254707115824,-1.3916902748281264,1.6524716338431311,0.2446605910492498
2024-06-08 05:26:32,-0.0501254707117318,0.5137487200621059,-0.4304193136335481,0.6905971915954119
2024-06-08 06:10:14,-0.0501254707117507,0.4857000596859006,0.7310440399779826,-1.3363873563416886
2024-06-08 02:41:47,-0.0501254707117226,0.0556206005840809,-1.591882667245078,-1.3363873563416886
2024-06-08 05:59:01,-0.0501254707117507,0.4763505062271647,0.785245663146521,-1.3363873563416886
2024-06-08 03:12:35,-0.0501254707117424,0.5043991666033713,0.5916684375445992,1.177073483100316
2024-06-08 08:45:08,-0.0501254707117391,0.5043991666033713,-0.2290989990075481,0.2852002820079917
2024-06-08 09:47:08,-0.0501254707116484,0.1378966710209515,0.0109367607388338,-0.1201966275794284
2024-06-08 03:42:44,-0.0501254707117473,0.5043991666033713,0.4910082802316006,1.1365337921415744
2024-06-08 09:53:33,-0.0501254707116352,-0.1650288610420696,0.0109367607388338,-0.1201966275794284
2024-06-08 03:03:37,-0.0501254707117325,0.5137487200621059,0.103853829027757,0.8527559554303801
2024-06-08 08:42:05,-0.0501254707117358,0.5137487200621059,0.2045139863407556,0.0419621362555397
2024-06-08 09:19:42,-0.0501254707116962,0.2519612232175208,-0.2833006221760865,-1.3363873563416886
2024-06-08 02:51:47,-0.0501254707117309,0.5137487200621059,0.2045139863407556,0.8527559554303801
2024-06-08 05:32:30,-0.0501254707117342,0.5137487200621059,-0.4768778477780083,0.7311368825541541
2024-06-08 04:53:54,-0.0501254707117434,0.5043991666033713,0.2974310546296788,1.1365337921415744
2024-06-08 06:10:44,-0.0501254707117437,0.5043991666033713,0.0573952948832954,0.2041209000905076
2024-06-08 05:53:57,-0.050125470711749,0.5043991666033713,0.2045139863407556,1.095994101182832
2024-06-08 03:54:15,-0.0501254707117424,0.5043991666033713,0.444549746087139,0.2041209000905076
2024-06-08 04:24:21,-0.0501254707117507,0.5043991666033713,0.3980912119426774,1.1365337921415744
2024-06-08 02:53:45,-0.0501254707117259,0.0275719402078755,-1.6847997355340003,-1.3363873563416886
2024-06-08 08:11:08,-0.0501254707117533,0.5043991666033713,-0.4768778477780083,1.298692555976542
2024-06-08 10:09:37,-0.0501254707115639,-2.6389207062234017,0.2045139863407556,1.177073483100316
2024-06-08 06:31:40,-0.0501254707117384,0.5137487200621059,-0.67045507337993,0.7311368825541541
2024-06-08 03:48:19,-0.0501254707117421,0.5043991666033713,0.4910082802316006,0.2041209000905076
2024-06-08 10:09:11,-0.050125470711617,-0.5240517138575,0.7310440399779826,0.2446605910492498
2024-06-08 05:17:22,-0.0501254707117391,0.5043991666033713,0.2509725204852172,0.2041209000905076
2024-06-08 02:18:29,-0.0501254707117391,0.5043991666033713,0.785245663146521,1.177073483100316
2024-06-08 03:12:00,-0.0501254707117243,0.1135878320282395,-1.7312582696784615,-1.3363873563416886
2024-06-08 10:58:53,-0.0501254707115659,-1.861037858456634,0.444549746087139,-0.3228950823731385
2024-06-08 07:41:15,-0.050125470711749,0.5043991666033713,0.4910082802316006,-1.3363873563416886
2024-06-08 07:08:12,-0.0501254707117325,0.1509860458631808,-2.071954186737844,-1.3363873563416886
2024-06-08 10:31:30,-0.0501254707115395,-3.105515378153798,2.1402862423599736,-1.3363873563416886
2024-06-08 06:02:01,-0.0501254707117358,0.5137487200621059,-0.5697949160669316,0.7311368825541541
2024-06-08 08:31:07,-0.0501254707117309,0.1696851527806501,-1.2047282160412351,-1.3363873563416886
